,Id,CNPJ,CPF,Nome,Ativo,Recadastrado,Município,UF,Natureza Jurídica,Porte da Empresa,Ramo do Negócio,Unidade Cadastradora,CNAE,CNAE Secundário,Habilitado a Licitar
0,19591,01.702.122/0001-92,,FRIGORIFICO VALE DO SAPUCAI LTDA - EM RECUPERACAO JUDICIAL,Sim,,46477: Itajubá,MG,2: SOCIEDADE EMPRESÁRIA LIMITADA,2: null,,,1011201: FRIGORÍFICO - ABATE DE BOVINOS,,Sim
1,21267,01.838.723/0096-98,,BRF S.A.,Não,,91774: Mirassol D´Oeste,MT,47: SOCIEDADE ANÔNIMA ABERTA,2: null,,,1011201: FRIGORÍFICO - ABATE DE BOVINOS,,Sim
2,35489,02.916.265/0004-02,,JBS S/A,Sim,,90514: Campo Grande,MS,47: SOCIEDADE ANÔNIMA ABERTA,2: null,,,1011201: FRIGORÍFICO - ABATE DE BOVINOS,,Sim
3,35490,02.916.265/0005-93,,JBS S/A,Sim,,93734: Goiânia,GO,47: SOCIEDADE ANÔNIMA ABERTA,2: null,,,1011201: FRIGORÍFICO - ABATE DE BOVINOS,,Sim
4,35492,02.916.265/0010-50,,JBS S/A,Sim,,90352: Barra do Garças,MT,47: SOCIEDADE ANÔNIMA ABERTA,2: null,,,1011201: FRIGORÍFICO - ABATE DE BOVINOS,,Sim
5,35494,02.916.265/0016-46,,JBS S/A,Sim,,89893: Araputanga,MT,47: SOCIEDADE ANÔNIMA ABERTA,2: null,,,1011201: FRIGORÍFICO - ABATE DE BOVINOS,,Sim
6,35496,02.916.265/0024-56,,JBS S/A,Sim,,46876: Iturama,MG,47: SOCIEDADE ANÔNIMA ABERTA,2: null,,,1011201: FRIGORÍFICO - ABATE DE BOVINOS,,Sim
7,35499,02.916.265/0037-70,,JBS S/A,Sim,,132: Vilhena,RO,47: SOCIEDADE ANÔNIMA ABERTA,2: null,,,1011201: FRIGORÍFICO - ABATE DE BOVINOS,,Sim
8,35500,02.916.265/0038-51,,JBS S/A,Não,,94: Cacoal,RO,47: SOCIEDADE ANÔNIMA ABERTA,2: null,,,1011201: FRIGORÍFICO - ABATE DE BOVINOS,,Sim
9,35501,02.916.265/0040-76,,JBS S/A,Não,,1392: Rio Branco,AC,47: SOCIEDADE ANÔNIMA ABERTA,2: null,,,1011201: FRIGORÍFICO - ABATE DE BOVINOS,,Sim
10,35502,02.916.265/0046-61,,JBS S/A,Sim,,76910: Maringá,PR,47: SOCIEDADE ANÔNIMA ABERTA,2: null,,,1011201: FRIGORÍFICO - ABATE DE BOVINOS,,Sim
11,35504,02.916.265/0053-90,,JBS S/A,Não,,53716: Teófilo Otoni,MG,47: SOCIEDADE ANÔNIMA ABERTA,2: null,,,1011201: FRIGORÍFICO - ABATE DE BOVINOS,,Sim
12,35505,02.916.265/0058-03,,JBS S/A,Sim,,92215: Anápolis,GO,47: SOCIEDADE ANÔNIMA ABERTA,2: null,,,1011201: FRIGORÍFICO - ABATE DE BOVINOS,,Sim
13,35508,02.916.265/0066-05,,JBS S/A,Sim,,90670: Cuiabá,MT,47: SOCIEDADE ANÔNIMA ABERTA,2: null,,,1011201: FRIGORÍFICO - ABATE DE BOVINOS,,Sim
14,35509,02.916.265/0068-77,,JBS S/A,Sim,,98191: Juará,MT,47: SOCIEDADE ANÔNIMA ABERTA,2: null,,,1011201: FRIGORÍFICO - ABATE DE BOVINOS,,Sim
15,35514,02.916.265/0141-10,,JBS S/A,Sim,,4839: Marabá,PA,47: SOCIEDADE ANÔNIMA ABERTA,2: null,,,1011201: FRIGORÍFICO - ABATE DE BOVINOS,,Sim
16,36778,02.999.886/0001-54,,CALLEGARO & IRMAOS LTDA,Sim,,88536: Santo Ângelo,RS,2: SOCIEDADE EMPRESÁRIA LIMITADA,2: null,,,1011201: FRIGORÍFICO - ABATE DE BOVINOS,,Sim
17,37932,03.080.479/0001-01,,INDUSTRIA E COMERCIO DE ALIMENTOS SUPREMO LTDA,Sim,,45950: Ibirité,MG,2: SOCIEDADE EMPRESÁRIA LIMITADA,2: null,,,1011201: FRIGORÍFICO - ABATE DE BOVINOS,,Sim
18,39110,03.162.118/0001-04,,ABATEDOURO SAO CLEMENTE LTDA,Sim,,80837: Concórdia,SC,2: SOCIEDADE EMPRESÁRIA LIMITADA,2: null,,,1011201: FRIGORÍFICO - ABATE DE BOVINOS,,Sim
19,49415,03.853.896/0003-01,,MARFRIG GLOBAL FOODS S.A.,Sim,,69337: Promissão,SP,47: SOCIEDADE ANÔNIMA ABERTA,2: null,,,1011201: FRIGORÍFICO - ABATE DE BOVINOS,,Sim
20,61327,04.613.751/0004-87,,CRISTALFRIGO INDUSTRIA COMERCIO IMPORTACAO E EXPORTACAO LTDA EM RECUPERACAO JUDI,Sim,,41238: Belo Horizonte,MG,2: SOCIEDADE EMPRESÁRIA LIMITADA,2: null,,,1011201: FRIGORÍFICO - ABATE DE BOVINOS,,Sim
21,126875,09.049.992/0001-16,,GUIMARAES COSTA PRODUTO ALIMENTICIO LTDA,Sim,,41238: Belo Horizonte,MG,2: SOCIEDADE EMPRESÁRIA LIMITADA,2: null,,,1011201: FRIGORÍFICO - ABATE DE BOVINOS,,Sim
22,147186,11.165.831/0001-30,,CARNESUL COMERCIAL DE ALIMENTOS LTDA,Sim,,75353: Curitiba,PR,2: SOCIEDADE EMPRESÁRIA LIMITADA,2: null,,,1011201: FRIGORÍFICO - ABATE DE BOVINOS,,Sim
23,157630,17.077.702/0001-76,,BARBOSA & CIA LTDA,Sim,,41114: Barbacena,MG,2: SOCIEDADE EMPRESÁRIA LIMITADA,2: null,,,1011201: FRIGORÍFICO - ABATE DE BOVINOS,,Sim
24,160692,20.730.099/0053-15,,SADIA S.A.,Não,,91677: Várzea Grande,MT,48: SOCIEDADE ANÔNIMA FECHADA,2: null,,,1011201: FRIGORÍFICO - ABATE DE BOVINOS,,Sim
25,161321,21.465.927/0001-77,,REAL DISTRIBUIDORA DE CARNES LTDA EM RECUPERACAO JUDICIAL,Sim,,54038: Uberlândia,MG,2: SOCIEDADE EMPRESÁRIA LIMITADA,2: null,,,1011201: FRIGORÍFICO - ABATE DE BOVINOS,,Sim
26,164618,24.746.687/0001-77,,AGRA AGROINDUSTRIAL DE ALIMENTOS SA,Sim,,91510: Rondonópolis,MT,48: SOCIEDADE ANÔNIMA FECHADA,2: null,,,1011201: FRIGORÍFICO - ABATE DE BOVINOS,,Sim
27,167620,27.497.684/0001-35,,FRISA FRIGORIFICO RIO DOCE S A,Sim,,56294: Colatina,ES,48: SOCIEDADE ANÔNIMA FECHADA,2: null,,,1011201: FRIGORÍFICO - ABATE DE BOVINOS,,Sim
28,184500,42.947.465/0004-47,,UNIFRIGO INDUSTRIA COMERCIO IMPORTACAO E EXPORTACAO LTDA,Não,,43710: Contagem,MG,2: SOCIEDADE EMPRESÁRIA LIMITADA,2: null,,,1011201: FRIGORÍFICO - ABATE DE BOVINOS,,Sim
29,204455,70.992.359/0003-30,,FRIDEL FRIGORIFICO INDUSTRIAL DEL REY LTDA,Sim,,43710: Contagem,MG,2: SOCIEDADE EMPRESÁRIA LIMITADA,2: null,,,1011201: FRIGORÍFICO - ABATE DE BOVINOS,,Sim
30,213441,81.128.373/0001-44,,TIROLEZA ALIMENTOS LTDA,Não,,78859: São José dos Pinhais,PR,2: SOCIEDADE EMPRESÁRIA LIMITADA,2: null,,,1011201: FRIGORÍFICO - ABATE DE BOVINOS,,Sim
31,220188,88.728.027/0001-46,,FRIGORIFICO SILVA INDUSTRIA E COMERCIO LTDA,Sim,,88412: Santa Maria,RS,2: SOCIEDADE EMPRESÁRIA LIMITADA,2: null,,,1011201: FRIGORÍFICO - ABATE DE BOVINOS,,Sim
32,220224,88.776.638/0001-60,,FRIGORIFICO SAGRILLO LTDA,Sim,,88510: Santiago,RS,2: SOCIEDADE EMPRESÁRIA LIMITADA,2: null,,,1011201: FRIGORÍFICO - ABATE DE BOVINOS,,Sim
33,221153,89.996.706/0003-20,,N & N COMERCIO E PARTICIPACOES LTDA,Sim,,88412: Santa Maria,RS,2: SOCIEDADE EMPRESÁRIA LIMITADA,2: null,,,1011201: FRIGORÍFICO - ABATE DE BOVINOS,,Sim
34,222862,91.982.496/0015-05,,COTRIPAL AGROPECUARIA COOPERATIVA,Sim,,86118: Condor,RS,4: COOPERATIVA,2: null,,,1011201: FRIGORÍFICO - ABATE DE BOVINOS,,Sim
35,231757,67.620.377/0013-58,,MINERVA S.A.,Não,,90395: Batayporã,MS,47: SOCIEDADE ANÔNIMA ABERTA,2: null,,,1011201: FRIGORÍFICO - ABATE DE BOVINOS,,Sim
36,232114,06.128.996/0001-00,,ATIVO ALIMENTOS EXPORTADORA E IMPORTADORA LTDA,Sim,,4472: Castanhal,PA,2: SOCIEDADE EMPRESÁRIA LIMITADA,2: null,,,1011201: FRIGORÍFICO - ABATE DE BOVINOS,,Sim
37,236274,02.916.265/0117-90,,JBS S/A,Sim,,46833: Ituiutaba,MG,47: SOCIEDADE ANÔNIMA ABERTA,2: null,,,1011201: FRIGORÍFICO - ABATE DE BOVINOS,,Sim
38,236841,67.620.377/0018-62,,MINERVA S.A.,Sim,,92410: Araguaína,TO,47: SOCIEDADE ANÔNIMA ABERTA,2: null,,,1011201: FRIGORÍFICO - ABATE DE BOVINOS,,Sim
39,239001,67.620.377/0003-86,,MINERVA S.A.,Sim,,66150: José Bonifácio,SP,47: SOCIEDADE ANÔNIMA ABERTA,2: null,,,1011201: FRIGORÍFICO - ABATE DE BOVINOS,,Sim
40,239367,67.620.377/0004-67,,MINERVA S.A.,Sim,,95117: Palmeiras de Goiás,GO,47: SOCIEDADE ANÔNIMA ABERTA,2: null,,,1011201: FRIGORÍFICO - ABATE DE BOVINOS,,Sim
41,246025,02.916.265/0077-68,,JBS S/A,Sim,,90514: Campo Grande,MS,47: SOCIEDADE ANÔNIMA ABERTA,2: null,,,1011201: FRIGORÍFICO - ABATE DE BOVINOS,,Sim
42,248447,12.279.217/0001-61,,H R DE A PESSOA FILHO EIRELI,Sim,,2690: Parintins,AM,25: EMPRESA INDIVIDUAL DE RESPONSABILIDADE LIMITADA (DE NATUREZA EMPRESÁRIA),2: null,,,1011201: FRIGORÍFICO - ABATE DE BOVINOS,,Sim
43,249246,07.955.536/0001-00,,MINERVA INDUSTRIA E COMERCIO DE ALIMENTOS S/A,Não,,299: Rolim de Moura,RO,48: SOCIEDADE ANÔNIMA FECHADA,2: null,,,1011201: FRIGORÍFICO - ABATE DE BOVINOS,,Sim
44,252142,02.916.265/0082-25,,JBS S/A,Sim,,116: Pimenta Bueno,RO,47: SOCIEDADE ANÔNIMA ABERTA,2: null,,,1011201: FRIGORÍFICO - ABATE DE BOVINOS,,Sim
45,268851,14.144.135/0001-35,,BOSCATTI INDUSTRIA E COMERCIO DE ALIMENTOS LTDA,Sim,,43710: Contagem,MG,2: SOCIEDADE EMPRESÁRIA LIMITADA,2: null,,,1011201: FRIGORÍFICO - ABATE DE BOVINOS,,Sim
46,292424,02.916.265/0104-75,,JBS S/A,Sim,,90697: Diamantino,MT,47: SOCIEDADE ANÔNIMA ABERTA,2: null,,,1011201: FRIGORÍFICO - ABATE DE BOVINOS,,Sim
47,292619,02.916.265/0001-60,,JBS S/A,Sim,,71072: São Paulo,SP,47: SOCIEDADE ANÔNIMA ABERTA,2: null,,,1011201: FRIGORÍFICO - ABATE DE BOVINOS,,Sim
48,300670,73.368.151/0001-70,,CENTRAL DE CARNES PARANAENSE LTDA,Sim,,75132: Colombo,PR,2: SOCIEDADE EMPRESÁRIA LIMITADA,2: null,,,1011201: FRIGORÍFICO - ABATE DE BOVINOS,,Sim
49,319423,87.214.870/0001-41,,FRIGORIFICO E SUPERMERCADO VANHOVE LTDA,Sim,,88692: São Gabriel,RS,2: SOCIEDADE EMPRESÁRIA LIMITADA,2: null,,,1011201: FRIGORÍFICO - ABATE DE BOVINOS,,Sim
50,322197,34.086.215/0001-99,,GBI FRIGORIFICO LTDA,Sim,,35335: Guanambi,BA,2: SOCIEDADE EMPRESÁRIA LIMITADA,2: null,,,1011201: FRIGORÍFICO - ABATE DE BOVINOS,,Sim
51,322890,02.916.265/0076-87,,JBS S/A,Sim,,91138: Navirai,MS,47: SOCIEDADE ANÔNIMA ABERTA,2: null,,,1011201: FRIGORÍFICO - ABATE DE BOVINOS,,Sim
52,330538,04.399.992/0001-22,,FRIGOABAT - FRIGORIFICO ABATEDOURO COSTA TAVARES LTDA,Sim,,50334: Poço Fundo,MG,2: SOCIEDADE EMPRESÁRIA LIMITADA,2: null,,,1011201: FRIGORÍFICO - ABATE DE BOVINOS,,Sim
53,335451,11.831.785/0001-60,,MERCURIO ALIMENTOS S/A,Sim,,4154: Ananindeua,PA,48: SOCIEDADE ANÔNIMA FECHADA,2: null,,,1011201: FRIGORÍFICO - ABATE DE BOVINOS,,Sim
54,337799,17.748.259/0001-18,,JD FOODS LTDA,Não,,6157: Santana,AP,2: SOCIEDADE EMPRESÁRIA LIMITADA,2: null,,,1011201: FRIGORÍFICO - ABATE DE BOVINOS,,Sim
55,344170,10.572.011/0001-08,,E D G TEIXEIRA,Não,,1317: Confresa,MT,1: EMPRESÁRIO (INDIVIDUAL),2: null,,,1011201: FRIGORÍFICO - ABATE DE BOVINOS,,Sim
56,347861,01.838.723/0389-57,,BRF S.A.,Sim,,91677: Várzea Grande,MT,47: SOCIEDADE ANÔNIMA ABERTA,2: null,,,1011201: FRIGORÍFICO - ABATE DE BOVINOS,,Sim
57,368269,04.603.630/0003-73,,INDUSTRIA E COMERCIO DE CARNES E DERIVADOS BOI BRASIL LTDA - EM RECUPERACAO JUDI,Sim,,92134: Alvorada,TO,2: SOCIEDADE EMPRESÁRIA LIMITADA,2: null,,,1011201: FRIGORÍFICO - ABATE DE BOVINOS,,Sim
58,379155,02.916.265/0067-96,,JBS S/A,Sim,,89931: São José dos Quatro Marcos,MT,47: SOCIEDADE ANÔNIMA ABERTA,2: null,,,1011201: FRIGORÍFICO - ABATE DE BOVINOS,,Sim
59,399074,87.412.706/0001-49,,FRIGORIFICO FAMILE LTDA,Sim,,87912: Pelotas,RS,2: SOCIEDADE EMPRESÁRIA LIMITADA,2: null,,,1011201: FRIGORÍFICO - ABATE DE BOVINOS,,Sim
60,408165,09.174.844/0001-23,,FRIOLI FRIGORIFICO OLIVEIRA LTDA,Sim,,50911: Ribeirão das Neves,MG,2: SOCIEDADE EMPRESÁRIA LIMITADA,2: null,,,1011201: FRIGORÍFICO - ABATE DE BOVINOS,,Sim
61,423765,07.921.132/0001-03,,QUALIFRIG ALIMENTOS S/A - EM RECUPERACAO JUDICIAL,Sim,,25313: Recife,PE,48: SOCIEDADE ANÔNIMA FECHADA,2: null,,,1011201: FRIGORÍFICO - ABATE DE BOVINOS,,Sim
62,472429,18.740.458/0002-23,,JJZ ALIMENTOS S.A.,Não,,93750: Goianira,GO,48: SOCIEDADE ANÔNIMA FECHADA,2: null,,,1011201: FRIGORÍFICO - ABATE DE BOVINOS,,Sim
63,497283,11.831.785/0002-41,,MERCURIO ALIMENTOS S/A,Sim,,4472: Castanhal,PA,48: SOCIEDADE ANÔNIMA FECHADA,2: null,,,1011201: FRIGORÍFICO - ABATE DE BOVINOS,,Sim
64,509956,02.165.984/0001-96,,FRIGORIFICO REDENTOR S/A EM RECUPERACAO JUDICIAL,Sim,,98876: Guarantã do Norte,MT,48: SOCIEDADE ANÔNIMA FECHADA,2: null,,,1011201: FRIGORÍFICO - ABATE DE BOVINOS,,Sim
65,517805,23.851.031/0001-51,,A. LETICIA SERROU REGINATTO,Sim,,361: Rorainopolis,RR,1: EMPRESÁRIO (INDIVIDUAL),2: null,,,1011201: FRIGORÍFICO - ABATE DE BOVINOS,,Sim
66,521047,22.672.256/0001-88,,G R RIBEIRO SILVA,Não,,7978: Humberto de Campos,MA,1: EMPRESÁRIO (INDIVIDUAL),2: null,,,1011201: FRIGORÍFICO - ABATE DE BOVINOS,,Sim
67,547320,02.916.265/0047-42,,JBS S/A,Sim,,91812: Pedra Preta,MT,47: SOCIEDADE ANÔNIMA ABERTA,2: null,,,1011201: FRIGORÍFICO - ABATE DE BOVINOS,,Sim
68,547322,02.916.265/0041-57,,JBS S/A,Sim,,35: Porto Velho,RO,47: SOCIEDADE ANÔNIMA ABERTA,2: null,,,1011201: FRIGORÍFICO - ABATE DE BOVINOS,,Sim
69,547323,02.916.265/0180-26,,JBS S/A,Sim,,450: SAO MIGUEL DO GUAPORE,RO,47: SOCIEDADE ANÔNIMA ABERTA,2: null,,,1011201: FRIGORÍFICO - ABATE DE BOVINOS,,Sim
70,547324,02.916.265/0136-52,,JBS S/A,Sim,,5339: Santana do Araguaia,PA,47: SOCIEDADE ANÔNIMA ABERTA,2: null,,,1011201: FRIGORÍFICO - ABATE DE BOVINOS,,Sim
71,552342,13.808.389/0001-48,,FRIGO 10 LTDA,Sim,,3018: Boa Vista,RR,2: SOCIEDADE EMPRESÁRIA LIMITADA,2: null,,,1011201: FRIGORÍFICO - ABATE DE BOVINOS,,Sim
72,557579,02.225.085/0001-31,,FRIGORIFICO EL'GOLLI LTDA,Sim,,83518: Taió,SC,2: SOCIEDADE EMPRESÁRIA LIMITADA,2: null,,,1011201: FRIGORÍFICO - ABATE DE BOVINOS,,Sim
73,559828,31.108.529/0001-57,,FRIGOTINS INDUSTRIA E COMERCIO DE ALIMENTOS LTDA,Sim,,94994: Novo Acordo,TO,2: SOCIEDADE EMPRESÁRIA LIMITADA,2: null,,,1011201: FRIGORÍFICO - ABATE DE BOVINOS,,Sim
74,573940,26.657.341/0001-28,,ARROBA ALIMENTOS LTDA,Sim,,51233: Rochedo de Minas,MG,2: SOCIEDADE EMPRESÁRIA LIMITADA,2: null,,,1011201: FRIGORÍFICO - ABATE DE BOVINOS,,Sim
75,583421,33.981.438/0001-57,,FRIGORIFICO CONFIANCA LTDA,Sim,,54038: Uberlândia,MG,2: SOCIEDADE EMPRESÁRIA LIMITADA,2: null,,,1011201: FRIGORÍFICO - ABATE DE BOVINOS,,Sim
76,606706,11.606.543/0001-73,,FORTALEZA DE SANTA TERESINHA AGRICULTURA E PECUARIA S.A.,Sim,,47112: Jequitaí,MG,48: SOCIEDADE ANÔNIMA FECHADA,2: null,,,1011201: FRIGORÍFICO - ABATE DE BOVINOS,,Sim
77,607760,05.155.754/0001-34,,COMERCIO DE CARNES E DERIVADOS MACHADO EIRELI,Sim,,81450: Imbuia,SC,25: EMPRESA INDIVIDUAL DE RESPONSABILIDADE LIMITADA (DE NATUREZA EMPRESÁRIA),2: null,,,1011201: FRIGORÍFICO - ABATE DE BOVINOS,,Sim
78,618885,33.686.920/0001-64,,YORK FOODS INDUSTRIA E COMERCIO DE CARNES E DERIVADOS S.A.,Sim,,87912: Pelotas,RS,48: SOCIEDADE ANÔNIMA FECHADA,2: null,,,1011201: FRIGORÍFICO - ABATE DE BOVINOS,,Sim
79,627069,48.357.263/0001-89,,COMERCIAL DE CARNES E ALIMENTOS SAO LUIZ MARILIA LTDA,Sim,,66818: Marilia,SP,2: SOCIEDADE EMPRESÁRIA LIMITADA,2: null,,,1011201: FRIGORÍFICO - ABATE DE BOVINOS,,Sim
80,630811,05.826.986/0001-77,,FRIGORIFICO BETTER BEEF LTDA,Sim,,71072: São Paulo,SP,2: SOCIEDADE EMPRESÁRIA LIMITADA,2: null,,,1011201: FRIGORÍFICO - ABATE DE BOVINOS,,Sim
81,631323,05.826.986/0002-58,,FRIGORIFICO BETTER BEEF LTDA,Sim,,69450: Rancharia,SP,2: SOCIEDADE EMPRESÁRIA LIMITADA,2: null,,,1011201: FRIGORÍFICO - ABATE DE BOVINOS,,Sim
82,641800,16.995.395/0001-40,,NACIONAL DISTRIBUIDORA DE CARNES BEEF LTDA,Sim,,97012: BRASÍLIA,DF,2: SOCIEDADE EMPRESÁRIA LIMITADA,2: null,,,1011201: FRIGORÍFICO - ABATE DE BOVINOS,,Sim
83,649892,76.386.242/0001-27,,ACOUGUE E MERCEARIA KARLING LTDA,Sim,,84778: Sulina,PR,2: SOCIEDADE EMPRESÁRIA LIMITADA,2: null,,,1011201: FRIGORÍFICO - ABATE DE BOVINOS,,Sim
84,680373,37.356.854/0001-15,,BOA VISTA - ALIMENTOS LTDA,Sim,,93750: Goianira,GO,2: SOCIEDADE EMPRESÁRIA LIMITADA,2: null,,,1011201: FRIGORÍFICO - ABATE DE BOVINOS,,Sim
85,687407,28.527.435/0001-08,,J B DOS SANTOS FILHO COMERCIO,Sim,,27790: Junqueiro,AL,1: EMPRESÁRIO (INDIVIDUAL),2: null,,,1011201: FRIGORÍFICO - ABATE DE BOVINOS,,Sim
86,717164,12.940.535/0003-93,,NUTRIACRE IMPORT & EXPORTACAO LTDA,Sim,,1457: Sena Madureira,AC,2: SOCIEDADE EMPRESÁRIA LIMITADA,2: null,,,1011201: FRIGORÍFICO - ABATE DE BOVINOS,,Sim
87,717447,02.916.265/0137-33,,JBS S/A,Sim,,5673: Redenção,PA,47: SOCIEDADE ANÔNIMA ABERTA,2: null,,,1011201: FRIGORÍFICO - ABATE DE BOVINOS,,Sim
88,718994,12.940.535/0001-21,,NUTRIACRE IMPORT & EXPORTACAO LTDA,Sim,,1511: Plácido de Castro,AC,2: SOCIEDADE EMPRESÁRIA LIMITADA,2: null,,,1011201: FRIGORÍFICO - ABATE DE BOVINOS,,Sim
89,720724,02.492.119/0001-54,,RPD CARNES LTDA,Sim,,46337: Itabira,MG,2: SOCIEDADE EMPRESÁRIA LIMITADA,2: null,,,1011201: FRIGORÍFICO - ABATE DE BOVINOS,,Sim
90,733002,07.800.453/0001-41,,C J INDUSTRIA E COMERCIO IMPORTACAO E EXPORTACAO DE CARNES EIRELI,Sim,,19: Guajará-Mirim,RO,25: EMPRESA INDIVIDUAL DE RESPONSABILIDADE LIMITADA (DE NATUREZA EMPRESÁRIA),2: null,,,1011201: FRIGORÍFICO - ABATE DE BOVINOS,,Sim
91,750307,66.772.674/0001-12,,FGS CARNES LTDA,Sim,,64114: Fernandópolis,SP,2: SOCIEDADE EMPRESÁRIA LIMITADA,2: null,,,1011201: FRIGORÍFICO - ABATE DE BOVINOS,,Sim
92,769631,03.074.736/0001-00,,SERCOL - SERVICO E COMERCIO DO VALE LTDA,Sim,,51390: Salinas,MG,2: SOCIEDADE EMPRESÁRIA LIMITADA,2: null,,,1011201: FRIGORÍFICO - ABATE DE BOVINOS,,Sim
93,783535,16.845.311/0001-91,,ABATEDOURO FRIGORIFICO SANTA MARIA LTDA,Sim,,14010: Guaraciaba do Norte,CE,2: SOCIEDADE EMPRESÁRIA LIMITADA,2: null,,,1011201: FRIGORÍFICO - ABATE DE BOVINOS,,Sim
94,783759,15.138.315/0001-77,,FRIGOROTA LTDA.,Sim,,1538: Senador Guiomard,AC,2: SOCIEDADE EMPRESÁRIA LIMITADA,2: null,,,1011201: FRIGORÍFICO - ABATE DE BOVINOS,,Sim
95,785553,46.200.399/0001-55,,COOPERATIVA DOS PECUARISTAS DO VALE DO JURUA COOPECUARIA,Sim,,1090: Mâncio Lima,AC,4: COOPERATIVA,2: null,,,1011201: FRIGORÍFICO - ABATE DE BOVINOS,,Sim
96,791132,28.953.067/0001-60,,FRIGORIFICO RIOS LTDA,Sim,,1473: Tarauacá,AC,2: SOCIEDADE EMPRESÁRIA LIMITADA,2: null,,,1011201: FRIGORÍFICO - ABATE DE BOVINOS,,Sim
0,231948,67.620.377/0017-81,,MINERVA S.A.,Não,,66150: José Bonifácio,SP,47: SOCIEDADE ANÔNIMA ABERTA,2: null,,,"1011205: MATADOURO - ABATE DE RESES SOB CONTRATO, EXCETO ABATE DE SUÍNOS",,Sim
1,510869,04.146.683/0001-40,,ABATEDOURO ALMEIDA LTDA,Sim,,230: Colorado do Oeste,RO,2: SOCIEDADE EMPRESÁRIA LIMITADA,2: null,,,"1011205: MATADOURO - ABATE DE RESES SOB CONTRATO, EXCETO ABATE DE SUÍNOS",,Sim
2,628317,05.886.826/0001-13,,R R FREITAS OLIVEIRA LTDA,Sim,,4731: Itupiranga,PA,2: SOCIEDADE EMPRESÁRIA LIMITADA,2: null,,,"1011205: MATADOURO - ABATE DE RESES SOB CONTRATO, EXCETO ABATE DE SUÍNOS",,Sim
3,692926,21.835.567/0001-58,,FTM COMERCIO DE CARNES FRESCAS LTDA,Sim,,48216: Matozinhos,MG,2: SOCIEDADE EMPRESÁRIA LIMITADA,2: null,,,"1011205: MATADOURO - ABATE DE RESES SOB CONTRATO, EXCETO ABATE DE SUÍNOS",,Sim
4,709735,15.715.480/0001-44,,ACAO COMERCIO DE CARNES LTDA,Sim,,2690: Parintins,AM,2: SOCIEDADE EMPRESÁRIA LIMITADA,2: null,,,"1011205: MATADOURO - ABATE DE RESES SOB CONTRATO, EXCETO ABATE DE SUÍNOS",,Sim
0,2760,00.282.717/0001-73,,RESPLENDOR ALIMENTOS LTDA,Sim,,81795: Joinville,SC,2: SOCIEDADE EMPRESÁRIA LIMITADA,2: null,,,1013901: FABRICAÇÃO DE PRODUTOS DE CARNE,,Sim
1,11989,01.081.141/0001-49,,J.MANTOANI COMERCIAL DE FRIOS E ALIMENTOS EIRELI,Sim,,91677: Várzea Grande,MT,25: EMPRESA INDIVIDUAL DE RESPONSABILIDADE LIMITADA (DE NATUREZA EMPRESÁRIA),2: null,,,1013901: FABRICAÇÃO DE PRODUTOS DE CARNE,,Sim
2,20698,01.791.406/0001-00,,P. C. PINHEIRO,Sim,,3018: Boa Vista,RR,1: EMPRESÁRIO (INDIVIDUAL),2: null,,,1013901: FABRICAÇÃO DE PRODUTOS DE CARNE,,Sim
3,26774,02.312.216/0001-18,,AVICOLA GOIAS COM. DE FRIOS LTDA,Sim,,93734: Goiânia,GO,2: SOCIEDADE EMPRESÁRIA LIMITADA,2: null,,,1013901: FABRICAÇÃO DE PRODUTOS DE CARNE,,Sim
4,28144,02.394.368/0001-07,,FRIGORIFICO FRIGOALPHA INDUSTRIA E COMERCIO DE GENEROS ALIMENTICIOS LTDA,Sim,,97012: BRASÍLIA,DF,2: SOCIEDADE EMPRESÁRIA LIMITADA,2: null,,,1013901: FABRICAÇÃO DE PRODUTOS DE CARNE,,Sim
5,32230,02.682.929/0001-73,,SOBOROSA ALIMENTOS DO BRASIL LTDA,Sim,,2550: Manaus,AM,2: SOCIEDADE EMPRESÁRIA LIMITADA,2: null,,,1013901: FABRICAÇÃO DE PRODUTOS DE CARNE,,Sim
6,33201,02.751.861/0001-37,,CARDEX INDUSTRIA E COMERCIO DE CARNES LTDA,Sim,,56251: Cariacica,ES,2: SOCIEDADE EMPRESÁRIA LIMITADA,2: null,,,1013901: FABRICAÇÃO DE PRODUTOS DE CARNE,,Sim
7,35028,02.886.959/0001-00,,MULT BEEF COMERCIAL LTDA,Sim,,62570: Brodosqui,SP,2: SOCIEDADE EMPRESÁRIA LIMITADA,2: null,,,1013901: FABRICAÇÃO DE PRODUTOS DE CARNE,,Sim
8,35491,02.916.265/0008-36,,JBS S/A,Sim,,62090: Barretos,SP,47: SOCIEDADE ANÔNIMA ABERTA,2: null,,,1013901: FABRICAÇÃO DE PRODUTOS DE CARNE,,Sim
9,35493,02.916.265/0011-31,,JBS S/A,Sim,,61417: Andradina,SP,47: SOCIEDADE ANÔNIMA ABERTA,2: null,,,1013901: FABRICAÇÃO DE PRODUTOS DE CARNE,,Sim
10,35495,02.916.265/0017-27,,JBS S/A,Não,,71072: São Paulo,SP,47: SOCIEDADE ANÔNIMA ABERTA,2: null,,,1013901: FABRICAÇÃO DE PRODUTOS DE CARNE,,Sim
11,35497,02.916.265/0029-60,,JBS S/A,Não,,69272: Presidente Epitácio,SP,47: SOCIEDADE ANÔNIMA ABERTA,2: null,,,1013901: FABRICAÇÃO DE PRODUTOS DE CARNE,,Sim
12,35510,02.916.265/0086-59,,JBS S/A,Sim,,66435: Lins,SP,47: SOCIEDADE ANÔNIMA ABERTA,2: null,,,1013901: FABRICAÇÃO DE PRODUTOS DE CARNE,,Sim
13,37638,03.060.223/0001-32,,FRIGORIFICO SILTOMAC LTDA,Sim,,70793: São Carlos,SP,2: SOCIEDADE EMPRESÁRIA LIMITADA,2: null,,,1013901: FABRICAÇÃO DE PRODUTOS DE CARNE,,Sim
14,40256,03.246.445/0001-44,,BRASIL COMERCIO DE ALIMENTOS EIRELI,Sim,,35: Porto Velho,RO,25: EMPRESA INDIVIDUAL DE RESPONSABILIDADE LIMITADA (DE NATUREZA EMPRESÁRIA),2: null,,,1013901: FABRICAÇÃO DE PRODUTOS DE CARNE,,Sim
15,48666,03.802.108/0001-96,,CENTROESTE CARNES E DERIVADOS LTDA,Sim,,64777: Guarulhos,SP,2: SOCIEDADE EMPRESÁRIA LIMITADA,2: null,,,1013901: FABRICAÇÃO DE PRODUTOS DE CARNE,,Sim
16,50676,03.948.499/0001-51,,ALIMENTAR FOODS FRIGORIFICO LTDA,Sim,,41238: Belo Horizonte,MG,2: SOCIEDADE EMPRESÁRIA LIMITADA,2: null,,,1013901: FABRICAÇÃO DE PRODUTOS DE CARNE,,Não
17,62157,04.662.776/0001-28,,CAJURU INDUSTRIA E COMERCIO DE ALIMENTOS LTDA EM RECUPERACAO JUDICIAL,Sim,,62898: Cajuru,SP,2: SOCIEDADE EMPRESÁRIA LIMITADA,2: null,,,1013901: FABRICAÇÃO DE PRODUTOS DE CARNE,,Sim
18,73202,05.342.368/0001-51,,DISTRIBUIDORA DE PRODUTOS ALIMENTICIOS ORIGEM LTDA,Sim,,54534: Pinhais,PR,2: SOCIEDADE EMPRESÁRIA LIMITADA,2: null,,,1013901: FABRICAÇÃO DE PRODUTOS DE CARNE,,Sim
19,85666,06.064.770/0001-84,,FRIGORIFICO SANY EIRELI,Não,,71455: Sorocaba,SP,25: EMPRESA INDIVIDUAL DE RESPONSABILIDADE LIMITADA (DE NATUREZA EMPRESÁRIA),2: null,,,1013901: FABRICAÇÃO DE PRODUTOS DE CARNE,,Sim
20,91950,06.829.427/0001-83,,S J PARAISO CHARQUE LTDA,Sim,,58173: Cambuci,RJ,2: SOCIEDADE EMPRESÁRIA LIMITADA,2: null,,,1013901: FABRICAÇÃO DE PRODUTOS DE CARNE,,Sim
21,94049,07.002.627/0003-92,,UNIDOS AGRO INDUSTRIAL S.A.,Não,,65978: Jales,SP,48: SOCIEDADE ANÔNIMA FECHADA,2: null,,,1013901: FABRICAÇÃO DE PRODUTOS DE CARNE,,Sim
22,108345,07.738.468/0001-27,,A AZEVEDO DA SILVA,Sim,,17116: Jardim do Seridó,RN,1: EMPRESÁRIO (INDIVIDUAL),2: null,,,1013901: FABRICAÇÃO DE PRODUTOS DE CARNE,,Sim
23,112094,07.932.909/0001-27,,MIT INDUSTRIA E COMERCIO DE CARNES E EMBUTIDOS LTDA,Sim,,90514: Campo Grande,MS,2: SOCIEDADE EMPRESÁRIA LIMITADA,2: null,,,1013901: FABRICAÇÃO DE PRODUTOS DE CARNE,,Sim
24,114022,08.070.362/0001-60,,NS ALIMENTOS LTDA,Sim,,71072: São Paulo,SP,2: SOCIEDADE EMPRESÁRIA LIMITADA,2: null,,,1013901: FABRICAÇÃO DE PRODUTOS DE CARNE,,Sim
25,116833,08.296.455/0001-08,,DAMATTA AGRONEGOCIOS S.A.,Sim,,19119: Alhandra,PB,48: SOCIEDADE ANÔNIMA FECHADA,2: null,,,1013901: FABRICAÇÃO DE PRODUTOS DE CARNE,,Sim
26,117698,08.363.232/0001-16,,JMQ COMERCIO E IMPORTACAO DE PRODUTOS ALIMENTICIOS LTDA,Sim,,7307: Sarzedo,MG,2: SOCIEDADE EMPRESÁRIA LIMITADA,2: null,,,1013901: FABRICAÇÃO DE PRODUTOS DE CARNE,,Sim
27,124718,08.903.547/0001-09,,FV - DISTRIBUIDORA DE CARNES E PESCADOS - EIRELI,Sim,,56251: Cariacica,ES,25: EMPRESA INDIVIDUAL DE RESPONSABILIDADE LIMITADA (DE NATUREZA EMPRESÁRIA),2: null,,,1013901: FABRICAÇÃO DE PRODUTOS DE CARNE,,Sim
28,131633,09.388.117/0001-69,,EDNALDO LOPES GONCALVES LTDA,Sim,,17612: Natal,RN,2: SOCIEDADE EMPRESÁRIA LIMITADA,2: null,,,1013901: FABRICAÇÃO DE PRODUTOS DE CARNE,,Sim
29,138902,10.413.843/0001-73,,INTERCADES ALIMENTOS LTDA,Não,,58335: Duque de Caxias,RJ,2: SOCIEDADE EMPRESÁRIA LIMITADA,2: null,,,1013901: FABRICAÇÃO DE PRODUTOS DE CARNE,,Sim
30,142581,10.700.821/0001-94,,BOMFRIGO INDUSTRIA LTDA,Sim,,17612: Natal,RN,2: SOCIEDADE EMPRESÁRIA LIMITADA,2: null,,,1013901: FABRICAÇÃO DE PRODUTOS DE CARNE,,Sim
31,177000,35.768.720/0001-86,,PAMPEANO ALIMENTOS S/A,Sim,,60852: Hulha Negra,RS,48: SOCIEDADE ANÔNIMA FECHADA,2: null,,,1013901: FABRICAÇÃO DE PRODUTOS DE CARNE,,Sim
32,178570,37.145.968/0001-16,,JVC INDUSTRIA COMERCIO ATACADO LOGISTICA E DISTRIBUICAO DE ALIMENTOS LTDA,Sim,,97012: BRASÍLIA,DF,2: SOCIEDADE EMPRESÁRIA LIMITADA,2: null,,,1013901: FABRICAÇÃO DE PRODUTOS DE CARNE,,Sim
33,180190,38.711.826/0001-31,,LINCON INDUSTRIA E COMERCIO LTDA,Sim,,43710: Contagem,MG,2: SOCIEDADE EMPRESÁRIA LIMITADA,2: null,,,1013901: FABRICAÇÃO DE PRODUTOS DE CARNE,,Sim
34,184537,42.980.706/0001-07,,MELLORE ALIMENTOS LTDA EM RECUPERACAO JUDICIAL,Sim,,41335: Betim,MG,2: SOCIEDADE EMPRESÁRIA LIMITADA,2: null,,,1013901: FABRICAÇÃO DE PRODUTOS DE CARNE,,Sim
35,207046,73.537.714/0001-07,,"BETAMPEX-BRA COMERCIO, IMPORTACAO E EXPORTACAO LTDA",Sim,,60011: Rio de Janeiro,RJ,2: SOCIEDADE EMPRESÁRIA LIMITADA,2: null,,,1013901: FABRICAÇÃO DE PRODUTOS DE CARNE,,Sim
36,209514,76.513.324/0001-95,,FRIGORIFICO BIZINELLI LTDA,Sim,,75353: Curitiba,PR,2: SOCIEDADE EMPRESÁRIA LIMITADA,2: null,,,1013901: FABRICAÇÃO DE PRODUTOS DE CARNE,,Sim
37,215377,83.310.441/0001-17,,COOPERATIVA CENTRAL AURORA ALIMENTOS,Sim,,80810: Chapecó,SC,4: COOPERATIVA,2: null,,,1013901: FABRICAÇÃO DE PRODUTOS DE CARNE,,Sim
38,227266,97.191.902/0001-94,,CONSERVAS ODERICH SA,Sim,,88935: São Sebastião do Cai,RS,47: SOCIEDADE ANÔNIMA ABERTA,2: null,,,1013901: FABRICAÇÃO DE PRODUTOS DE CARNE,,Sim
39,231373,67.620.377/0001-14,,MINERVA S.A.,Sim,,62090: Barretos,SP,47: SOCIEDADE ANÔNIMA ABERTA,2: null,,,1013901: FABRICAÇÃO DE PRODUTOS DE CARNE,,Sim
40,239516,94.109.311/0001-37,,CARMEN DE FATIMA PIRES LEAL,Sim,,87912: Pelotas,RS,1: EMPRESÁRIO (INDIVIDUAL),2: null,,,1013901: FABRICAÇÃO DE PRODUTOS DE CARNE,,Sim
41,240479,10.198.974/0003-47,,PLENA ALIMENTOS S/A,Sim,,43710: Contagem,MG,48: SOCIEDADE ANÔNIMA FECHADA,2: null,,,1013901: FABRICAÇÃO DE PRODUTOS DE CARNE,,Sim
42,243311,02.973.358/0001-26,,BH FOODS COMERCIO E INDUSTRIA LTDA,Sim,,43710: Contagem,MG,2: SOCIEDADE EMPRESÁRIA LIMITADA,2: null,,,1013901: FABRICAÇÃO DE PRODUTOS DE CARNE,,Sim
43,244113,02.886.959/0002-82,,MULT BEEF COMERCIAL EIRELI,Não,,62570: Brodosqui,SP,25: EMPRESA INDIVIDUAL DE RESPONSABILIDADE LIMITADA (DE NATUREZA EMPRESÁRIA),2: null,,,1013901: FABRICAÇÃO DE PRODUTOS DE CARNE,,Sim
44,245745,13.210.966/0001-03,,CADANI COMERCIAL DE ALIMENTOS LTDA,Não,,60011: Rio de Janeiro,RJ,2: SOCIEDADE EMPRESÁRIA LIMITADA,2: null,,,1013901: FABRICAÇÃO DE PRODUTOS DE CARNE,,Sim
45,262479,11.292.509/0001-71,,RANCHO TAURA LTDA,Sim,,57932: São Martinho da Serra,RS,2: SOCIEDADE EMPRESÁRIA LIMITADA,2: null,,,1013901: FABRICAÇÃO DE PRODUTOS DE CARNE,,Sim
46,272709,02.916.265/0112-85,,JBS S/A,Sim,,36293: Itapetinga,BA,47: SOCIEDADE ANÔNIMA ABERTA,2: null,,,1013901: FABRICAÇÃO DE PRODUTOS DE CARNE,,Sim
47,273212,08.192.084/0001-14,,DB INDUSTRIA E COMERCIO DE CARNES E DERIVADOS LTDA,Sim,,70793: São Carlos,SP,2: SOCIEDADE EMPRESÁRIA LIMITADA,2: null,,,1013901: FABRICAÇÃO DE PRODUTOS DE CARNE,,Sim
48,274088,59.470.849/0001-71,,BOMFRAN ALIMENTOS LTDA,Sim,,71072: São Paulo,SP,2: SOCIEDADE EMPRESÁRIA LIMITADA,2: null,,,1013901: FABRICAÇÃO DE PRODUTOS DE CARNE,,Sim
49,289909,15.293.494/0001-17,,RYAN LEITAO MELO,Sim,,3018: Boa Vista,RR,1: EMPRESÁRIO (INDIVIDUAL),2: null,,,1013901: FABRICAÇÃO DE PRODUTOS DE CARNE,,Sim
50,290231,03.571.837/0001-89,,PRIMUS ALIMENTOS LTDA,Sim,,94455: Luziânia,GO,2: SOCIEDADE EMPRESÁRIA LIMITADA,2: null,,,1013901: FABRICAÇÃO DE PRODUTOS DE CARNE,,Sim
51,294554,08.960.738/0001-02,,RJ INDUSTRIA COMERCIO E ARMAZENAMENTO DE ALIMENTOS LTDA,Sim,,38490: Salvador,BA,2: SOCIEDADE EMPRESÁRIA LIMITADA,2: null,,,1013901: FABRICAÇÃO DE PRODUTOS DE CARNE,,Sim
52,306076,83.188.110/0001-56,,FRICASA ALIMENTOS S/A,Sim,,80730: Canoinhas,SC,48: SOCIEDADE ANÔNIMA FECHADA,2: null,,,1013901: FABRICAÇÃO DE PRODUTOS DE CARNE,,Sim
53,310516,08.879.982/0001-45,,NOVA DISTRIBUIDORA E INDUSTRIA DE ALIMENTOS SEROPEDICA 42 LTDA,Sim,,7862: SEROPÉDICA,RJ,2: SOCIEDADE EMPRESÁRIA LIMITADA,2: null,,,1013901: FABRICAÇÃO DE PRODUTOS DE CARNE,,Sim
54,335482,13.862.671/0001-03,,FRIGORIFICO FRILARA LTDA,Sim,,57010: Viana,ES,2: SOCIEDADE EMPRESÁRIA LIMITADA,2: null,,,1013901: FABRICAÇÃO DE PRODUTOS DE CARNE,,Sim
55,338284,07.865.685/0001-88,,STIVA ALIMENTOS EIRELI,Sim,,51330: Sabará,MG,25: EMPRESA INDIVIDUAL DE RESPONSABILIDADE LIMITADA (DE NATUREZA EMPRESÁRIA),2: null,,,1013901: FABRICAÇÃO DE PRODUTOS DE CARNE,,Sim
56,342620,72.454.424/0001-37,,INDUSTRIA E COMERCIO DE CARNE JUMIRIM LTDA,Sim,,8028: JUMIRIM,SP,2: SOCIEDADE EMPRESÁRIA LIMITADA,2: null,,,1013901: FABRICAÇÃO DE PRODUTOS DE CARNE,,Sim
57,343563,00.498.571/0001-06,,PERFIL JD INDUSTRIA E COMERCIO DE PRODUTOS ALIMENTICIOS EIRELI,Sim,,61654: Araras,SP,25: EMPRESA INDIVIDUAL DE RESPONSABILIDADE LIMITADA (DE NATUREZA EMPRESÁRIA),2: null,,,1013901: FABRICAÇÃO DE PRODUTOS DE CARNE,,Sim
58,343853,03.630.083/0001-90,,M. NEHMEH ENTREPOSTO DE CARNES LTDA,Sim,,67156: Mogi-Guaçu,SP,2: SOCIEDADE EMPRESÁRIA LIMITADA,2: null,,,1013901: FABRICAÇÃO DE PRODUTOS DE CARNE,,Sim
59,352339,03.597.643/0001-52,,FRIGORIFICO REY CHARQUES LTDA,Sim,,71455: Sorocaba,SP,2: SOCIEDADE EMPRESÁRIA LIMITADA,2: null,,,1013901: FABRICAÇÃO DE PRODUTOS DE CARNE,,Sim
60,363617,03.690.406/0001-31,,LANDIM FERREIRA INDUSTRIA E COMERCIO LTDA.,Sim,,58050: Barra do Piraí,RJ,2: SOCIEDADE EMPRESÁRIA LIMITADA,2: null,,,1013901: FABRICAÇÃO DE PRODUTOS DE CARNE,,Sim
61,363822,04.178.625/0001-07,,TFT PREPARACAO E COMERCIO DE DERIVADOS DE CARNES E TRANSPORTES LTDA,Sim,,58394: Itaguaí,RJ,2: SOCIEDADE EMPRESÁRIA LIMITADA,2: null,,,1013901: FABRICAÇÃO DE PRODUTOS DE CARNE,,Sim
62,367926,11.354.929/0001-35,,DELICIAS DA CARNE INDUSTRIA E COMERCIO LTDA,Não,,91677: Várzea Grande,MT,2: SOCIEDADE EMPRESÁRIA LIMITADA,2: null,,,1013901: FABRICAÇÃO DE PRODUTOS DE CARNE,,Sim
63,370287,12.086.091/0001-09,,CENTRO DAS CARNES LTDA,Sim,,27855: Maceió,AL,2: SOCIEDADE EMPRESÁRIA LIMITADA,2: null,,,1013901: FABRICAÇÃO DE PRODUTOS DE CARNE,,Sim
64,393987,13.294.850/0001-91,,J.A COMERCIO DE GENEROS ALIMENTICIOS E SERVICOS EIRELI,Sim,,62936: Campo Limpo Paulista,SP,25: EMPRESA INDIVIDUAL DE RESPONSABILIDADE LIMITADA (DE NATUREZA EMPRESÁRIA),2: null,,,1013901: FABRICAÇÃO DE PRODUTOS DE CARNE,,Sim
65,399151,03.971.177/0001-23,,FRANGOPURO INDUSTRIA DE ALIMENTOS LTDA,Sim,,81477: Indaial,SC,2: SOCIEDADE EMPRESÁRIA LIMITADA,2: null,,,1013901: FABRICAÇÃO DE PRODUTOS DE CARNE,,Sim
66,404781,05.974.276/0001-94,,FRINCARNES FRIGORIFICO INDUSTRIAL DE CARNES DO ESPIRITO SANTO EIRELI,Sim,,57037: Vila Velha,ES,25: EMPRESA INDIVIDUAL DE RESPONSABILIDADE LIMITADA (DE NATUREZA EMPRESÁRIA),2: null,,,1013901: FABRICAÇÃO DE PRODUTOS DE CARNE,,Sim
67,415273,13.529.437/0001-69,,ALABAMA FOODS INDUSTRIA E COMERCIO DE ALIMENTOS EIRELI,Não,,71455: Sorocaba,SP,25: EMPRESA INDIVIDUAL DE RESPONSABILIDADE LIMITADA (DE NATUREZA EMPRESÁRIA),2: null,,,1013901: FABRICAÇÃO DE PRODUTOS DE CARNE,,Sim
68,416676,15.045.517/0001-74,,FRIGOR ALIMENTOS LTDA,Não,,54275: Viçosa,MG,2: SOCIEDADE EMPRESÁRIA LIMITADA,2: null,,,1013901: FABRICAÇÃO DE PRODUTOS DE CARNE,,Sim
69,417964,10.475.083/0001-29,,GAUCHINHO INDUSTRIA E COMERCIO DE ALIMENTOS LTDA,Sim,,98213: Teutônia,RS,2: SOCIEDADE EMPRESÁRIA LIMITADA,2: null,,,1013901: FABRICAÇÃO DE PRODUTOS DE CARNE,,Sim
70,436565,07.042.642/0003-64,,FRINENSE ALIMENTOS LTDA,Sim,,58432: Itaperuna,RJ,2: SOCIEDADE EMPRESÁRIA LIMITADA,2: null,,,1013901: FABRICAÇÃO DE PRODUTOS DE CARNE,,Sim
71,452317,17.119.079/0001-77,,J. MENEZES COSTA LTDA,Sim,,3018: Boa Vista,RR,2: SOCIEDADE EMPRESÁRIA LIMITADA,2: null,,,1013901: FABRICAÇÃO DE PRODUTOS DE CARNE,,Sim
72,490438,21.003.496/0001-27,,PRODUTOS IMPERATRIZ LTDA,Sim,,51330: Sabará,MG,2: SOCIEDADE EMPRESÁRIA LIMITADA,2: null,,,1013901: FABRICAÇÃO DE PRODUTOS DE CARNE,,Sim
73,490755,85.604.965/0001-46,,SEDANO'S INDUSTRIA E COMERCIO DE CARNES LTDA,Sim,,82678: Porto União,SC,2: SOCIEDADE EMPRESÁRIA LIMITADA,2: null,,,1013901: FABRICAÇÃO DE PRODUTOS DE CARNE,,Sim
74,491419,26.289.866/0001-58,,MEATFOODS ALIMENTOS LTDA,Sim,,78859: São José dos Pinhais,PR,2: SOCIEDADE EMPRESÁRIA LIMITADA,2: null,,,1013901: FABRICAÇÃO DE PRODUTOS DE CARNE,,Sim
75,492652,20.785.999/0001-39,,ALCA ALIMENTOS LTDA,Sim,,81795: Joinville,SC,2: SOCIEDADE EMPRESÁRIA LIMITADA,2: null,,,1013901: FABRICAÇÃO DE PRODUTOS DE CARNE,,Sim
76,507647,20.002.779/0001-91,,RF FOODS DERIVADOS DE CARNE LTDA,Sim,,61573: Araçoiaba da Serra,SP,2: SOCIEDADE EMPRESÁRIA LIMITADA,2: null,,,1013901: FABRICAÇÃO DE PRODUTOS DE CARNE,,Sim
77,511769,24.928.963/0001-18,,LAUFFER COMERCIO DE EMBUTIDOS LTDA,Sim,,75655: Francisco Beltrão,PR,2: SOCIEDADE EMPRESÁRIA LIMITADA,2: null,,,1013901: FABRICAÇÃO DE PRODUTOS DE CARNE,,Sim
78,526958,15.716.279/0001-81,,KING ALIMENTOS EIRELI,Sim,,55514: São João do Itaperiú,SC,25: EMPRESA INDIVIDUAL DE RESPONSABILIDADE LIMITADA (DE NATUREZA EMPRESÁRIA),2: null,,,1013901: FABRICAÇÃO DE PRODUTOS DE CARNE,,Sim
79,531389,23.632.038/0001-82,,GIANNINI COMERCIAL DE ALIMENTOS LTDA,Sim,,60011: Rio de Janeiro,RJ,2: SOCIEDADE EMPRESÁRIA LIMITADA,2: null,,,1013901: FABRICAÇÃO DE PRODUTOS DE CARNE,,Sim
80,538079,08.877.106/0001-80,,MAIS SAO PAULO TRANSPORTES E COMERCIO LTDA,Sim,,43710: Contagem,MG,2: SOCIEDADE EMPRESÁRIA LIMITADA,2: null,,,1013901: FABRICAÇÃO DE PRODUTOS DE CARNE,,Sim
81,539095,25.184.465/0001-70,,ALESSI INDUSTRIA DE ALIMENTOS LTDA,Sim,,80675: Campo Erê,SC,2: SOCIEDADE EMPRESÁRIA LIMITADA,2: null,,,1013901: FABRICAÇÃO DE PRODUTOS DE CARNE,,Sim
82,541881,08.201.770/0012-67,,BELLO ALIMENTOS LTDA,Sim,,91731: Eldorado,MS,2: SOCIEDADE EMPRESÁRIA LIMITADA,2: null,,,1013901: FABRICAÇÃO DE PRODUTOS DE CARNE,,Sim
83,542631,15.347.566/0002-42,,PARKER-MIGLIORINI INTERNATIONAL DO BRASIL LTDA,Sim,,85898: Canoas,RS,2: SOCIEDADE EMPRESÁRIA LIMITADA,2: null,,,1013901: FABRICAÇÃO DE PRODUTOS DE CARNE,,Sim
84,542994,15.547.699/0001-81,,COMERCIO DE CARNES DELLA GUSTINA LTDA,Sim,,82295: Orleans,SC,2: SOCIEDADE EMPRESÁRIA LIMITADA,2: null,,,1013901: FABRICAÇÃO DE PRODUTOS DE CARNE,,Sim
85,543367,14.738.350/0001-64,,LETAVO ALIMENTOS LTDA,Sim,,57479: Paraíso,SC,2: SOCIEDADE EMPRESÁRIA LIMITADA,2: null,,,1013901: FABRICAÇÃO DE PRODUTOS DE CARNE,,Sim
86,544485,26.789.538/0001-10,,NICOLAS AGOSTINHO P SANTOS,Sim,,27278: Campo Alegre,AL,1: EMPRESÁRIO (INDIVIDUAL),2: null,,,1013901: FABRICAÇÃO DE PRODUTOS DE CARNE,,Sim
87,544981,14.554.820/0002-10,,QUENIA MAGESTY HOFFMANN EIRELI,Sim,,88412: Santa Maria,RS,25: EMPRESA INDIVIDUAL DE RESPONSABILIDADE LIMITADA (DE NATUREZA EMPRESÁRIA),2: null,,,1013901: FABRICAÇÃO DE PRODUTOS DE CARNE,,Sim
88,546027,22.772.312/0001-56,,H & G INDUSTRIA DE ALIMENTOS LTDA,Sim,,17612: Natal,RN,2: SOCIEDADE EMPRESÁRIA LIMITADA,2: null,,,1013901: FABRICAÇÃO DE PRODUTOS DE CARNE,,Sim
89,548504,05.593.628/0001-61,,CLEVERSON DONINI DOS SANTOS E CIA LTDA,Sim,,77917: Prudentópolis,PR,2: SOCIEDADE EMPRESÁRIA LIMITADA,2: null,,,1013901: FABRICAÇÃO DE PRODUTOS DE CARNE,,Sim
90,549201,22.370.374/0001-31,,DINDA CARNES LTDA,Sim,,86835: Gravataí,RS,2: SOCIEDADE EMPRESÁRIA LIMITADA,2: null,,,1013901: FABRICAÇÃO DE PRODUTOS DE CARNE,,Sim
91,551212,27.531.099/0001-04,,"JAGUAR INDUSTRIA, COMERCIO DE CARNES E TRANSPORTES LTDA",Sim,,4839: Marabá,PA,2: SOCIEDADE EMPRESÁRIA LIMITADA,2: null,,,1013901: FABRICAÇÃO DE PRODUTOS DE CARNE,,Sim
92,551242,02.118.383/0001-22,,"PRAIAMAR - COMERCIO, IMPORTACAO E EXPORTACAO LTDA",Sim,,97012: BRASÍLIA,DF,2: SOCIEDADE EMPRESÁRIA LIMITADA,2: null,,,1013901: FABRICAÇÃO DE PRODUTOS DE CARNE,,Sim
93,551587,29.541.660/0001-61,,M C DA SILVA,Sim,,17418: Macaiba,RN,1: EMPRESÁRIO (INDIVIDUAL),2: null,,,1013901: FABRICAÇÃO DE PRODUTOS DE CARNE,,Sim
94,560367,24.601.572/0001-94,,BONOBOI ALIMENTOS EIRELI,Sim,,45217: Formiga,MG,25: EMPRESA INDIVIDUAL DE RESPONSABILIDADE LIMITADA (DE NATUREZA EMPRESÁRIA),2: null,,,1013901: FABRICAÇÃO DE PRODUTOS DE CARNE,,Sim
95,560859,28.255.113/0001-57,,BJP COMERCIO E DISTRIBUICAO DE ALIMENTOS LTDA,Sim,,72338: Várzea Paulista,SP,2: SOCIEDADE EMPRESÁRIA LIMITADA,2: null,,,1013901: FABRICAÇÃO DE PRODUTOS DE CARNE,,Sim
96,562408,00.682.573/0001-42,,DEFUMADOS MORETO LTDA,Sim,,49859: Pedro Leopoldo,MG,2: SOCIEDADE EMPRESÁRIA LIMITADA,2: null,,,1013901: FABRICAÇÃO DE PRODUTOS DE CARNE,,Sim
97,568087,04.985.223/0001-06,,IDEAL COMERCIO E INDUSTRIA DE CARNE LTDA,Sim,,56995: Serra,ES,2: SOCIEDADE EMPRESÁRIA LIMITADA,2: null,,,1013901: FABRICAÇÃO DE PRODUTOS DE CARNE,,Sim
98,579597,27.538.635/0001-01,,RIOFRIO MAIS ALIMENTOS IMPORTACAO LTDA,Sim,,59013: São João de Merti,RJ,2: SOCIEDADE EMPRESÁRIA LIMITADA,2: null,,,1013901: FABRICAÇÃO DE PRODUTOS DE CARNE,,Sim
99,580171,26.852.190/0001-69,,CLARICE ELOY SANTA ANNA HAMBURGUERIA,Sim,,76236: Ivaiporã,PR,1: EMPRESÁRIO (INDIVIDUAL),2: null,,,1013901: FABRICAÇÃO DE PRODUTOS DE CARNE,,Sim
100,585121,13.783.221/0004-78,,MADERO INDUSTRIA E COMERCIO S.A.,Sim,,77771: Ponta Grossa,PR,47: SOCIEDADE ANÔNIMA ABERTA,2: null,,,1013901: FABRICAÇÃO DE PRODUTOS DE CARNE,,Sim
101,585250,21.872.925/0001-00,,COOPAFAM COOPERATIVA AGROPECUARIA DE AGRICULTORES FAMILIARES LTDA,Sim,,15857: Maracanaú,CE,4: COOPERATIVA,2: null,,,1013901: FABRICAÇÃO DE PRODUTOS DE CARNE,,Sim
102,587107,06.371.816/0001-08,,FRIGOLDC INDUSTRIA E COMERCIO DE CARNES LTDA,Sim,,78859: São José dos Pinhais,PR,2: SOCIEDADE EMPRESÁRIA LIMITADA,2: null,,,1013901: FABRICAÇÃO DE PRODUTOS DE CARNE,,Sim
103,588741,35.587.743/0001-94,,JUTTEL ALIMENTOS LTDA,Sim,,55514: São João do Itaperiú,SC,2: SOCIEDADE EMPRESÁRIA LIMITADA,2: null,,,1013901: FABRICAÇÃO DE PRODUTOS DE CARNE,,Sim
104,594929,35.672.775/0001-98,,VR DA SILVA ALIMENTOS,Sim,,10669: Valparaiso de Goiás,GO,1: EMPRESÁRIO (INDIVIDUAL),2: null,,,1013901: FABRICAÇÃO DE PRODUTOS DE CARNE,,Sim
105,600130,10.866.908/0001-36,,COMERCIO DE GENEROS ALIMENTICIOS VIEIRA LTDA,Sim,,59072: Sapucaia,RJ,2: SOCIEDADE EMPRESÁRIA LIMITADA,2: null,,,1013901: FABRICAÇÃO DE PRODUTOS DE CARNE,,Sim
106,605561,27.606.589/0001-22,,G&G BRASIL FOODS - FRIGORIFICO S/A,Sim,,75353: Curitiba,PR,48: SOCIEDADE ANÔNIMA FECHADA,2: null,,,1013901: FABRICAÇÃO DE PRODUTOS DE CARNE,,Sim
107,610290,27.487.615/0001-40,,AMERICA DISTRIBUIDORA DE CARNES LTDA,Sim,,84611: Sarandi,PR,2: SOCIEDADE EMPRESÁRIA LIMITADA,2: null,,,1013901: FABRICAÇÃO DE PRODUTOS DE CARNE,,Sim
108,613370,03.097.715/0001-00,,BARP CARNES EIRELI,Sim,,82791: Quilombo,SC,25: EMPRESA INDIVIDUAL DE RESPONSABILIDADE LIMITADA (DE NATUREZA EMPRESÁRIA),2: null,,,1013901: FABRICAÇÃO DE PRODUTOS DE CARNE,,Sim
109,621358,79.017.307/0004-06,,ROSIL INDUSTRIA E COMERCIO DE CARNES E FRIOS LTDA,Sim,,80470: Blumenau,SC,2: SOCIEDADE EMPRESÁRIA LIMITADA,2: null,,,1013901: FABRICAÇÃO DE PRODUTOS DE CARNE,,Sim
110,628187,28.224.591/0001-08,,ACOUGUE E LANCHONETE NOBRE LTDA,Sim,,51551: Santa Luzia,MG,2: SOCIEDADE EMPRESÁRIA LIMITADA,2: null,,,1013901: FABRICAÇÃO DE PRODUTOS DE CARNE,,Sim
111,633478,33.131.856/0001-55,,BEEFALLO CARNES DO BRASIL LTDA,Sim,,41335: Betim,MG,2: SOCIEDADE EMPRESÁRIA LIMITADA,2: null,,,1013901: FABRICAÇÃO DE PRODUTOS DE CARNE,,Sim
112,636877,20.290.451/0001-18,,RIBEIRO & RIBEIRO ALIMENTOS LTDA,Sim,,5959: Parauapebas,PA,2: SOCIEDADE EMPRESÁRIA LIMITADA,2: null,,,1013901: FABRICAÇÃO DE PRODUTOS DE CARNE,,Sim
113,637988,09.086.681/0001-27,,BRASEIRO ATACADISTA COMERCIO SERVICOS IMPORTACAO E EXPORTACAO LTDA,Sim,,56073: Anchieta,ES,2: SOCIEDADE EMPRESÁRIA LIMITADA,2: null,,,1013901: FABRICAÇÃO DE PRODUTOS DE CARNE,,Sim
114,638738,09.402.075/0001-73,,CR FOODS - INDUSTRIA E COMERCIO DE CARNES LTDA,Sim,,64114: Fernandópolis,SP,2: SOCIEDADE EMPRESÁRIA LIMITADA,2: null,,,1013901: FABRICAÇÃO DE PRODUTOS DE CARNE,,Sim
115,639838,12.602.939/0001-05,,INDUSTRIA E COMERCIO DE CARNES GUIMARAES BENTO LTDA,Sim,,62510: Braagança Paulista,SP,2: SOCIEDADE EMPRESÁRIA LIMITADA,2: null,,,1013901: FABRICAÇÃO DE PRODUTOS DE CARNE,,Sim
116,641021,22.905.519/0001-51,,META FOOD SERVICE LTDA,Sim,,17612: Natal,RN,2: SOCIEDADE EMPRESÁRIA LIMITADA,2: null,,,1013901: FABRICAÇÃO DE PRODUTOS DE CARNE,,Sim
117,647132,26.687.803/0001-50,,MMA COMERCIO DE ALIMENTOS LTDA,Sim,,97012: BRASÍLIA,DF,2: SOCIEDADE EMPRESÁRIA LIMITADA,2: null,,,1013901: FABRICAÇÃO DE PRODUTOS DE CARNE,,Sim
118,649421,26.712.998/0001-40,,ATACADO DE CARNES MS LTDA,Sim,,73717: Paverama,RS,2: SOCIEDADE EMPRESÁRIA LIMITADA,2: null,,,1013901: FABRICAÇÃO DE PRODUTOS DE CARNE,,Sim
119,653108,04.249.509/0001-23,,JOAO KENNEDY RIBEIRO,Sim,,47333: Juiz de Fora,MG,1: EMPRESÁRIO (INDIVIDUAL),2: null,,,1013901: FABRICAÇÃO DE PRODUTOS DE CARNE,,Sim
120,654687,52.723.616/0001-94,,DELTA INDUSTRIA E COMERCIO DE PRODUTOS ALIMENTICIOS LTDA,Sim,,70750: São Bernardo do Campo,SP,2: SOCIEDADE EMPRESÁRIA LIMITADA,2: null,,,1013901: FABRICAÇÃO DE PRODUTOS DE CARNE,,Sim
121,657048,06.275.518/0001-14,,COMERCIAL DE ALIMENTOS TALISMA LTDA.,Sim,,71439: Socorro,SP,2: SOCIEDADE EMPRESÁRIA LIMITADA,2: null,,,1013901: FABRICAÇÃO DE PRODUTOS DE CARNE,,Sim
122,658454,36.373.200/0001-37,,CAMPEIROS ALIMENTOS LTDA,Sim,,86932: Charqueadas,RS,2: SOCIEDADE EMPRESÁRIA LIMITADA,2: null,,,1013901: FABRICAÇÃO DE PRODUTOS DE CARNE,,Sim
123,662526,05.583.963/0001-89,,ACOUGUE DO PIPO LTDA,Sim,,60631: São Pedro do Butiá,RS,2: SOCIEDADE EMPRESÁRIA LIMITADA,2: null,,,1013901: FABRICAÇÃO DE PRODUTOS DE CARNE,,Sim
124,669498,35.156.745/0001-29,,J & A - COMERCIAL DO BRASIL LTDA,Sim,,68314: Paulínia,SP,2: SOCIEDADE EMPRESÁRIA LIMITADA,2: null,,,1013901: FABRICAÇÃO DE PRODUTOS DE CARNE,,Sim
125,690129,39.299.257/0001-21,,BUFFALO COMERCIO E INDUSTRIA LTDA,Sim,,3018: Boa Vista,RR,2: SOCIEDADE EMPRESÁRIA LIMITADA,2: null,,,1013901: FABRICAÇÃO DE PRODUTOS DE CARNE,,Sim
126,691710,97.270.490/0001-88,,APEBRUN COMERCIO DE CARNES LTDA,Sim,,85995: Caxias do Sul,RS,2: SOCIEDADE EMPRESÁRIA LIMITADA,2: null,,,1013901: FABRICAÇÃO DE PRODUTOS DE CARNE,,Sim
127,692110,26.078.589/0001-34,,CARLOS ROBERTO HAMERMULLER,Sim,,87254: Júlio de Castilhos,RS,1: EMPRESÁRIO (INDIVIDUAL),2: null,,,1013901: FABRICAÇÃO DE PRODUTOS DE CARNE,,Sim
128,697039,31.146.982/0001-58,,C. K. CAVALHEIRO EMBUTIDOS,Sim,,75833: Guarapuava,PR,1: EMPRESÁRIO (INDIVIDUAL),2: null,,,1013901: FABRICAÇÃO DE PRODUTOS DE CARNE,,Sim
129,700553,02.861.015/0001-70,,FUMAGALLI & PIPPI LTDA,Sim,,57878: Pinhal Grande,RS,2: SOCIEDADE EMPRESÁRIA LIMITADA,2: null,,,1013901: FABRICAÇÃO DE PRODUTOS DE CARNE,,Sim
130,707203,32.046.034/0001-03,,32.046.034 LUKAS VILLAR MESSIAS BRETAS,Sim,,41238: Belo Horizonte,MG,1: EMPRESÁRIO (INDIVIDUAL),2: null,,,1013901: FABRICAÇÃO DE PRODUTOS DE CARNE,,Sim
131,709535,20.872.596/0001-27,,L. B. DOS SANTOS FERRAZ ALIMENTOS LTDA,Sim,,77070: Moreira Sales,PR,2: SOCIEDADE EMPRESÁRIA LIMITADA,2: null,,,1013901: FABRICAÇÃO DE PRODUTOS DE CARNE,,Sim
132,712339,11.229.082/0001-67,,PIRACICABA CARNES E DERIVADOS EIRELI,Sim,,68756: Piracicaba,SP,25: EMPRESA INDIVIDUAL DE RESPONSABILIDADE LIMITADA (DE NATUREZA EMPRESÁRIA),2: null,,,1013901: FABRICAÇÃO DE PRODUTOS DE CARNE,,Sim
133,714239,42.334.115/0001-62,,EMBUTIDOS PARAIBA INDUSTRIA  DE CARNES EIRELI,Sim,,19372: Bayeux,PB,25: EMPRESA INDIVIDUAL DE RESPONSABILIDADE LIMITADA (DE NATUREZA EMPRESÁRIA),2: null,,,1013901: FABRICAÇÃO DE PRODUTOS DE CARNE,,Sim
134,720815,81.472.391/0001-49,,SCHAEDLER FABRICA DE EMBUTIDOS LTDA,Sim,,79790: Nova Santa Rosa,PR,2: SOCIEDADE EMPRESÁRIA LIMITADA,2: null,,,1013901: FABRICAÇÃO DE PRODUTOS DE CARNE,,Sim
135,723457,30.471.600/0001-07,,YUKAN INDUSTRIA E COMERCIO DE ALIMENTOS LTDA,Sim,,71072: São Paulo,SP,2: SOCIEDADE EMPRESÁRIA LIMITADA,2: null,,,1013901: FABRICAÇÃO DE PRODUTOS DE CARNE,,Sim
136,726901,29.782.338/0001-24,,BORDAO ALIMENTOS LTDA,Sim,,50911: Ribeirão das Neves,MG,2: SOCIEDADE EMPRESÁRIA LIMITADA,2: null,,,1013901: FABRICAÇÃO DE PRODUTOS DE CARNE,,Sim
137,731586,40.384.971/0001-05,,LUCAS RIPOLI MINGARELLI 08426854990,Sim,,77119: Munhoz de Melo,PR,1: EMPRESÁRIO (INDIVIDUAL),2: null,,,1013901: FABRICAÇÃO DE PRODUTOS DE CARNE,,Sim
138,732912,41.835.769/0001-07,,CRAVINFOODS LTDA,Sim,,63630: Cravinhos,SP,2: SOCIEDADE EMPRESÁRIA LIMITADA,2: null,,,1013901: FABRICAÇÃO DE PRODUTOS DE CARNE,,Sim
139,743078,31.054.478/0001-28,,LIMA E ARRIGHI INDUSTRIA DE ALIMENTOS LTDA,Sim,,51152: Rio Pomba,MG,2: SOCIEDADE EMPRESÁRIA LIMITADA,2: null,,,1013901: FABRICAÇÃO DE PRODUTOS DE CARNE,,Sim
140,748879,43.777.239/0001-85,,EMBUTIDOS ZANELLA LTDA,Sim,,78050: Realeza,PR,2: SOCIEDADE EMPRESÁRIA LIMITADA,2: null,,,1013901: FABRICAÇÃO DE PRODUTOS DE CARNE,,Sim
141,751053,43.576.204/0001-88,,BXB ALIMENTOS LTDA,Sim,,71072: São Paulo,SP,2: SOCIEDADE EMPRESÁRIA LIMITADA,2: null,,,1013901: FABRICAÇÃO DE PRODUTOS DE CARNE,,Sim
142,754339,42.498.987/0001-66,,GYN FOODS IND. E COM DE ALIMENTOS LTDA,Sim,,92274: Aparecida de Goiânia,GO,2: SOCIEDADE EMPRESÁRIA LIMITADA,2: null,,,1013901: FABRICAÇÃO DE PRODUTOS DE CARNE,,Sim
143,754635,26.323.839/0001-54,,AMAZON BEEF COMERCIO DE CARNES LTDA,Sim,,2550: Manaus,AM,2: SOCIEDADE EMPRESÁRIA LIMITADA,2: null,,,1013901: FABRICAÇÃO DE PRODUTOS DE CARNE,,Sim
144,762290,17.516.978/0001-03,,INDUSTRIA DE ALIMENTOS VALANDRO LTDA,Sim,,79553: Quedas do Iguaçu,PR,2: SOCIEDADE EMPRESÁRIA LIMITADA,2: null,,,1013901: FABRICAÇÃO DE PRODUTOS DE CARNE,,Sim
145,766050,06.012.871/0001-01,,BSS INDUSTRIA E COMERCIO DE ALIMENTOS LTDA,Sim,,36854: Lauro de Freitas,BA,2: SOCIEDADE EMPRESÁRIA LIMITADA,2: null,,,1013901: FABRICAÇÃO DE PRODUTOS DE CARNE,,Sim
146,768187,15.715.624/0001-62,,NATUCARNE INDUSTRIA DE ALIMENTOS LTDA,Sim,,2550: Manaus,AM,2: SOCIEDADE EMPRESÁRIA LIMITADA,2: null,,,1013901: FABRICAÇÃO DE PRODUTOS DE CARNE,,Sim
147,769579,06.192.699/0001-15,,BLACKBULL DISTRIBUIDORA DE CARNES LTDA,Sim,,76910: Maringá,PR,2: SOCIEDADE EMPRESÁRIA LIMITADA,2: null,,,1013901: FABRICAÇÃO DE PRODUTOS DE CARNE,,Sim
148,771314,44.441.407/0001-20,,N A TRANSPORTES E COMERCIO DE ALIMENTOS LTDA,Sim,,71455: Sorocaba,SP,2: SOCIEDADE EMPRESÁRIA LIMITADA,2: null,,,1013901: FABRICAÇÃO DE PRODUTOS DE CARNE,,Sim
149,776164,30.343.774/0001-86,,SCFOODS INDUSTRIA DE ALIMENTOS LTDA,Sim,,82112: Meleiro,SC,2: SOCIEDADE EMPRESÁRIA LIMITADA,2: null,,,1013901: FABRICAÇÃO DE PRODUTOS DE CARNE,,Sim
150,776316,16.974.989/0001-74,,ALINY SANTOS FERREIRA OLIVEIRA 09747248743,Sim,,57037: Vila Velha,ES,1: EMPRESÁRIO (INDIVIDUAL),2: null,,,1013901: FABRICAÇÃO DE PRODUTOS DE CARNE,,Sim
151,776579,10.872.465/0001-96,,FRIGONISHI COMERCIO DE ALIMENTOS LTDA,Sim,,66257: Juquitiba,SP,2: SOCIEDADE EMPRESÁRIA LIMITADA,2: null,,,1013901: FABRICAÇÃO DE PRODUTOS DE CARNE,,Sim
152,777025,42.236.941/0001-79,,COMERCIO DE CHARCUTARIA  LTDA,Sim,,56294: Colatina,ES,2: SOCIEDADE EMPRESÁRIA LIMITADA,2: null,,,1013901: FABRICAÇÃO DE PRODUTOS DE CARNE,,Sim
153,778435,40.902.460/0001-20,,RMF ALIMENTOS LTDA,Sim,,47333: Juiz de Fora,MG,2: SOCIEDADE EMPRESÁRIA LIMITADA,2: null,,,1013901: FABRICAÇÃO DE PRODUTOS DE CARNE,,Sim
154,784430,42.458.627/0001-30,,ELIZANEIA SOLOVI BARBOZA QUINTILIANO 08150053930,Sim,,74772: Campina Grande do Sul,PR,1: EMPRESÁRIO (INDIVIDUAL),2: null,,,1013901: FABRICAÇÃO DE PRODUTOS DE CARNE,,Sim
0,82712,05.895.634/0001-73,,QUANTO ALIMENTOS INDUSTRIA E COMERCIO LTDA,Sim,,88773: São Leopoldo,RS,2: SOCIEDADE EMPRESÁRIA LIMITADA,2: null,,,1013902: PREPARAÇÃO DE SUBPRODUTOS DO ABATE,,Sim
1,221060,89.892.566/0001-89,,FAROS INDUSTRIA DE FARINHA DE OSSOS LTDA,Sim,,86215: Cruzeiro do Sul,RS,2: SOCIEDADE EMPRESÁRIA LIMITADA,2: null,,,1013902: PREPARAÇÃO DE SUBPRODUTOS DO ABATE,,Sim
2,380803,04.543.188/0001-75,,BASE INDUSTRIA E COMERCIO DE OLEOS E PROTEINAS LTDA,Sim,,86215: Cruzeiro do Sul,RS,2: SOCIEDADE EMPRESÁRIA LIMITADA,2: null,,,1013902: PREPARAÇÃO DE SUBPRODUTOS DO ABATE,,Sim
3,410353,82.790.122/0001-93,,OSSOTUBA - IND. E COM. DE OLEOS E PROTEINAS LTDA,Sim,,83674: Tubarão,SC,2: SOCIEDADE EMPRESÁRIA LIMITADA,2: null,,,1013902: PREPARAÇÃO DE SUBPRODUTOS DO ABATE,,Sim
4,555430,24.013.907/0001-53,,INTERCONTINENTAL FOODS - COMERCIO DE ALIMENTOS LTDA,Sim,,91510: Rondonópolis,MT,2: SOCIEDADE EMPRESÁRIA LIMITADA,2: null,,,1013902: PREPARAÇÃO DE SUBPRODUTOS DO ABATE,,Sim
5,592500,31.122.882/0001-91,,A F S DE SOUZA LTDA,Sim,,55433: Cocal do Sul,SC,2: SOCIEDADE EMPRESÁRIA LIMITADA,2: null,,,1013902: PREPARAÇÃO DE SUBPRODUTOS DO ABATE,,Sim
6,597224,18.773.359/0001-67,,AGROBRASILCHEMICAL INDUSTRIA E COMERCIO LTDA,Sim,,76775: Mandaguari,PR,2: SOCIEDADE EMPRESÁRIA LIMITADA,2: null,,,1013902: PREPARAÇÃO DE SUBPRODUTOS DO ABATE,,Sim
7,603002,06.274.095/0001-18,,AGROMASS BRASIL - IMPORTACAO E EXPORTACAO LTDA,Sim,,70971: São José do Rio Preto,SP,2: SOCIEDADE EMPRESÁRIA LIMITADA,2: null,,,1013902: PREPARAÇÃO DE SUBPRODUTOS DO ABATE,,Sim
8,749322,27.803.843/0001-82,,L.TOME DA SILVA ALIMENTOS,Sim,,58432: Itaperuna,RJ,1: EMPRESÁRIO (INDIVIDUAL),2: null,,,1013902: PREPARAÇÃO DE SUBPRODUTOS DO ABATE,,Sim
